{
  "accuracy": [
    0.09442269802093506,
    0.10190514475107193,
    0.10000575333833694,
    0.1026533916592598,
    0.10294117778539658,
    0.1119488924741745,
    0.11957522481679916,
    0.1322953850030899,
    0.1370726376771927,
    0.13856913149356842,
    0.13937492668628693,
    0.14277081191539764,
    0.14507310092449188,
    0.14467020332813263,
    0.1467134803533554,
    0.14875675737857819,
    0.14890065789222717,
    0.14962011575698853,
    0.1523253172636032
  ],
  "val_accuracy": [
    0.10129780322313309,
    0.10129780322313309,
    0.11806592345237732,
    0.10795911401510239,
    0.10325025767087936,
    0.13793499767780304,
    0.1242678314447403,
    0.12070747464895248,
    0.11841047555208206,
    0.12955093383789062,
    0.144251748919487,
    0.1454002559185028,
    0.12357872724533081,
    0.12622028589248657,
    0.1369013488292694,
    0.13001033663749695,
    0.13069944083690643,
    0.1339152455329895,
    0.13529343903064728
  ],
  "loss": [
    4.00077486038208,
    3.514188766479492,
    3.452702760696411,
    3.430577039718628,
    3.4187583923339844,
    3.4070205688476562,
    3.3885562419891357,
    3.367950916290283,
    3.3524327278137207,
    3.3419086933135986,
    3.332240581512451,
    3.328012466430664,
    3.3211090564727783,
    3.3229591846466064,
    3.318303108215332,
    3.3024630546569824,
    3.3006856441497803,
    3.2990734577178955,
    3.29278826713562
  ],
  "val_loss": [
    3.6495251655578613,
    3.482541561126709,
    3.4399821758270264,
    3.4238548278808594,
    3.3900773525238037,
    3.3779563903808594,
    3.3339335918426514,
    3.342561960220337,
    3.3673558235168457,
    3.323667049407959,
    3.293625593185425,
    3.3056225776672363,
    3.38651704788208,
    3.3502793312072754,
    3.3140063285827637,
    3.345858573913574,
    3.3475563526153564,
    3.3332388401031494,
    3.3346810340881348
  ],
  "top_3_accuracy": [
    0.268245667219162,
    0.2922758162021637,
    0.2930528521537781,
    0.29365718364715576,
    0.29377231001853943,
    0.2940313220024109,
    0.29794520139694214,
    0.30278000235557556,
    0.30695292353630066,
    0.3100610077381134,
    0.3129101097583771,
    0.3133993446826935,
    0.3148382604122162,
    0.31526994705200195,
    0.3169678747653961,
    0.3191550672054291,
    0.3210832178592682,
    0.3183780312538147,
    0.32021987438201904
  ],
  "val_top_3_accuracy": [
    0.2934420704841614,
    0.2934420704841614,
    0.2934420704841614,
    0.2934420704841614,
    0.2934420704841614,
    0.2934420704841614,
    0.3018261194229126,
    0.3157229721546173,
    0.30044791102409363,
    0.3266337513923645,
    0.3176754415035248,
    0.31779026985168457,
    0.3007924556732178,
    0.3050419092178345,
    0.3122774660587311,
    0.3055013120174408,
    0.3061904311180115,
    0.3098656237125397,
    0.30883195996284485
  ],
  "top_5_accuracy": [
    0.3472142219543457,
    0.3720501959323883,
    0.37213653326034546,
    0.3729711174964905,
    0.37579140067100525,
    0.3812881410121918,
    0.3878496587276459,
    0.3951018750667572,
    0.40157705545425415,
    0.4068435728549957,
    0.4112466871738434,
    0.4141533374786377,
    0.41487279534339905,
    0.4142972230911255,
    0.41875791549682617,
    0.4235927164554596,
    0.4245711863040924,
    0.42382293939590454,
    0.4253482222557068
  ],
  "val_top_5_accuracy": [
    0.3660273253917694,
    0.37487080693244934,
    0.36384516954421997,
    0.37487080693244934,
    0.384288489818573,
    0.37716779112815857,
    0.39186862111091614,
    0.40151602029800415,
    0.39967840909957886,
    0.42379695177078247,
    0.43597105145454407,
    0.4260939359664917,
    0.3861261010169983,
    0.4085218906402588,
    0.41977718472480774,
    0.40875157713890076,
    0.4010566174983978,
    0.4128861725330353,
    0.40748822689056396
  ],
  "lr": []
}